Workbook

Sheet Instruções
B2: 📐 DIMENSIONAMENTO DE REDES DE DUTOS – PME 3515
B3: Método de Perda Unitária Constante (Equal Friction) — SMACNA / Carrier
B5: SOBRE A PLANILHA
B6: Folha | C6: Conteúdo
B7: Parâmetros Gerais | C7: Dados do projeto: tipo de aplicação, massa específica, rugosidade, viscosidade.
B8: Dimensionamento | C8: Inserir trechos da rede. Cálculo automático de Dh, Re, f, ΔP unitário.
B9: Balanceamento | C9: Comparação das perdas por caminho (circuito). Indica os trechos que precisam de redimensionamento.
B10: Tabela Velocidades | C10: Limites de velocidade máxima por aplicação (Carrier – Tabela 3.5.1).
B12: LEGENDA DE CORES
B13: Azul claro | C13: Células de entrada (você edita)
B14: Cinza claro | C14: Células calculadas (não editar)
B15: Verde | C15: Trecho OK (velocidade dentro do limite)
B16: Vermelho | C16: Trecho com velocidade ACIMA do limite
B17: Amarelo | C17: Atenção – revisar balanceamento
B19: MÉTODO UTILIZADO
B20: Equal Friction | C20: Fixa a perda unitária do trecho principal (próximo ao ventilador) e dimensiona os demais trechos conservando o mesmo ΔP/m.
B21: Equação de Atrito | C21: f = 0,11 × (ε/Dh + 68/NRe)^0,25 (Altshul)
B22: Perda Unitária | C22: ΔP_unit = (f/Dh) × (G²)/(2ρ) [Pa/m]

Sheet Parâmetros Gerais
B2: PARÂMETROS GERAIS DO PROJETO
B4: IDENTIFICAÇÃO DO PROJETO
B5: Nome do Projeto | C5: Meu Projeto HVAC | D5: texto
B6: Responsável | C6: Engenheiro | D6: texto
B7: Data | D7: data
B9: DADOS DO AR
B10: Tipo de Aplicação | C10: Escritórios | D10: texto
B11: Massa Específica ρ (kg/m³) | C11: 1.204 | D11: kg/m³
B12: Viscosidade Cinemática ν (m²/s) | C12: 1.516e-05 | D12: m²/s
B13: Rugosidade ε (m) | C13: 0.00015 | D13: m
B15: DADOS DO TRECHO PRINCIPAL
B16: Velocidade máx. tronco (m/s) | C16: 7.5 | D16: m/s
B17: Vazão mássica tronco ṁ (kg/s)
B18: Lado 'a' fixo tronco (m) | C18: 0.3 | D18: m
B20: ↑ Edite as células em azul. As fórmulas na aba Dimensionamento referenciam esta aba.

Sheet Dimensionamento
B2: DIMENSIONAMENTO DE DUTOS — MÉTODO PERDA UNITÁRIA CONSTANTE (EQUAL FRICTION)
B3: ρ = 'Parâmetros Gerais'!C11 | ν = 'Parâmetros Gerais'!C12 | ε = 'Parâmetros Gerais'!C13 | Entradas em AZUL, Cálculos em CINZA
B4: TRECHO PRINCIPAL (define a Perda Unitária de Referência)
B5: Trecho | C5: De→Para | D5: Vazão mássica ṁ (kg/s) | E5: Lado a (m) | F5: Velocidade V (m/s) | G5: Vazão vol. G (m³/s) | H5: Seção S (m²) | I5: Lado b (b=S/a) (m) | J5: Diâm. Hidráulico Dh (m) | K5: Visc. Dinâmica μ (Pa·s) | L5: Nº Reynolds NRe | M5: Fator Atrito f (Altshul) | N5: ΔP unitário (Pa/m) | O5: Comprimento Real L (m) | P5: Comp. Equiv. ΣLe (m) | Q5: Comp. Total L+ΣLe (m) | R5: ΔP total trecho (Pa)
B6: 1 | C6: Vent→E | D6: 2.5 | E6: 0.3 | F6: 7.5 | G6: =F6*'Parâmetros Gerais'!$C$11 -> 9.03 | H6: =D6/G6 -> 0.27685493 | I6: =H6/E6 -> 0.92284976 | J6: =4*H6/(2*(E6+I6)) -> 0.45280285 | K6: ='Parâmetros Gerais'!$C$11*'Parâmetros Gerais'!$C$12 -> 1.825264e-05 | L6: =G6*J6/K6 -> 224011.96 | M6: =0.11*('Parâmetros Gerais'!$C$13/J6+68/L6)^0.25 -> 0.017460482 | N6: =(M6/J6)*(G6^2)/(2*'Parâmetros Gerais'!$C$11) -> 1.3057682 | O6: 10 | P6: 5 | Q6: =O6+P6 -> 15 | R6: =N6*Q6 -> 19.586523
B7: ΔP Unitário de Referência (fixado pelo Trecho Principal): | N7: =N6 -> 1.3057682 | O7: ← Este valor é conservado em todos os trechos abaixo
B8: DEMAIS TRECHOS (Velocidade calculada iterativamente para manter ΔP unitário constante)
B9: Trecho | C9: De→Para | D9: Vazão mássica ṁ (kg/s) | E9: Lado a (m) | F9: Velocidade V (m/s) | G9: Vazão vol. G (m³/s) | H9: Seção S (m²) | I9: Lado b (b=S/a) (m) | J9: Diâm. Hidráulico Dh (m) | K9: Visc. Dinâmica μ (Pa·s) | L9: Nº Reynolds NRe | M9: Fator Atrito f (Altshul) | N9: ΔP unitário (Pa/m) | O9: Comprimento Real L (m) | P9: Comp. Equiv. ΣLe (m) | Q9: Comp. Total L+ΣLe (m) | R9: ΔP total trecho (Pa) | S9: ΔP unit CALC (Pa/m) | T9: Diferença ΔP_calc-ΔP_ref (Pa/m) | U9: Status Balanc.
B10: 1 | D10: 1 | E10: 0.25 | F10: 6 | G10: =F10*'Parâmetros Gerais'!$C$11 -> 7.224 | H10: =D10/G10 -> 0.13842746 | I10: =H10/E10 -> 0.55370986 | J10: =4*H10/(2*(E10+I10)) -> 0.34447124 | K10: ='Parâmetros Gerais'!$C$11*'Parâmetros Gerais'!$C$12 -> 1.825264e-05 | L10: =G10*J10/K10 -> 136334.26 | M10: =0.11*('Parâmetros Gerais'!$C$13/J10+68/L10)^0.25 -> 0.019231159 | N10: =(M10/J10)*(G10^2)/(2*'Parâmetros Gerais'!$C$11) -> 1.2099056 | O10: 8 | P10: 3 | Q10: =O10+P10 -> 11 | R10: =N10*Q10 -> 13.308961 | S10: =N10 -> 1.2099056 | T10: =S10-$N$6 -> -0.095862637 | U10: =IF(ABS(T10)<0.001,"✔ OK",IF(T10>0,"↑ V muito alto","↓ V muito baixo")) -> ↓ V muito baixo
B11: 2 | D11: 1 | E11: 0.25 | F11: 6 | G11: =F11*'Parâmetros Gerais'!$C$11 -> 7.224 | H11: =D11/G11 -> 0.13842746 | I11: =H11/E11 -> 0.55370986 | J11: =4*H11/(2*(E11+I11)) -> 0.34447124 | K11: ='Parâmetros Gerais'!$C$11*'Parâmetros Gerais'!$C$12 -> 1.825264e-05 | L11: =G11*J11/K11 -> 136334.26 | M11: =0.11*('Parâmetros Gerais'!$C$13/J11+68/L11)^0.25 -> 0.019231159 | N11: =(M11/J11)*(G11^2)/(2*'Parâmetros Gerais'!$C$11) -> 1.2099056 | O11: 8 | P11: 3 | Q11: =O11+P11 -> 11 | R11: =N11*Q11 -> 13.308961 | S11: =N11 -> 1.2099056 | T11: =S11-$N$6 -> -0.095862637 | U11: =IF(ABS(T11)<0.001,"✔ OK",IF(T11>0,"↑ V muito alto","↓ V muito baixo")) -> ↓ V muito baixo
B12: 3 | D12: 1 | E12: 0.25 | F12: 6 | G12: =F12*'Parâmetros Gerais'!$C$11 -> 7.224 | H12: =D12/G12 -> 0.13842746 | I12: =H12/E12 -> 0.55370986 | J12: =4*H12/(2*(E12+I12)) -> 0.34447124 | K12: ='Parâmetros Gerais'!$C$11*'Parâmetros Gerais'!$C$12 -> 1.825264e-05 | L12: =G12*J12/K12 -> 136334.26 | M12: =0.11*('Parâmetros Gerais'!$C$13/J12+68/L12)^0.25 -> 0.019231159 | N12: =(M12/J12)*(G12^2)/(2*'Parâmetros Gerais'!$C$11) -> 1.2099056 | O12: 8 | P12: 3 | Q12: =O12+P12 -> 11 | R12: =N12*Q12 -> 13.308961 | S12: =N12 -> 1.2099056 | T12: =S12-$N$6 -> -0.095862637 | U12: =IF(ABS(T12)<0.001,"✔ OK",IF(T12>0,"↑ V muito alto","↓ V muito baixo")) -> ↓ V muito baixo
B13: 4 | D13: 1 | E13: 0.25 | F13: 6 | G13: =F13*'Parâmetros Gerais'!$C$11 -> 7.224 | H13: =D13/G13 -> 0.13842746 | I13: =H13/E13 -> 0.55370986 | J13: =4*H13/(2*(E13+I13)) -> 0.34447124 | K13: ='Parâmetros Gerais'!$C$11*'Parâmetros Gerais'!$C$12 -> 1.825264e-05 | L13: =G13*J13/K13 -> 136334.26 | M13: =0.11*('Parâmetros Gerais'!$C$13/J13+68/L13)^0.25 -> 0.019231159 | N13: =(M13/J13)*(G13^2)/(2*'Parâmetros Gerais'!$C$11) -> 1.2099056 | O13: 8 | P13: 3 | Q13: =O13+P13 -> 11 | R13: =N13*Q13 -> 13.308961 | S13: =N13 -> 1.2099056 | T13: =S13-$N$6 -> -0.095862637 | U13: =IF(ABS(T13)<0.001,"✔ OK",IF(T13>0,"↑ V muito alto","↓ V muito baixo")) -> ↓ V muito baixo
B14: 5 | D14: 1 | E14: 0.25 | F14: 6 | G14: =F14*'Parâmetros Gerais'!$C$11 -> 7.224 | H14: =D14/G14 -> 0.13842746 | I14: =H14/E14 -> 0.55370986 | J14: =4*H14/(2*(E14+I14)) -> 0.34447124 | K14: ='Parâmetros Gerais'!$C$11*'Parâmetros Gerais'!$C$12 -> 1.825264e-05 | L14: =G14*J14/K14 -> 136334.26 | M14: =0.11*('Parâmetros Gerais'!$C$13/J14+68/L14)^0.25 -> 0.019231159 | N14: =(M14/J14)*(G14^2)/(2*'Parâmetros Gerais'!$C$11) -> 1.2099056 | O14: 8 | P14: 3 | Q14: =O14+P14 -> 11 | R14: =N14*Q14 -> 13.308961 | S14: =N14 -> 1.2099056 | T14: =S14-$N$6 -> -0.095862637 | U14: =IF(ABS(T14)<0.001,"✔ OK",IF(T14>0,"↑ V muito alto","↓ V muito baixo")) -> ↓ V muito baixo
B15: 6 | D15: 1 | E15: 0.25 | F15: 6 | G15: =F15*'Parâmetros Gerais'!$C$11 -> 7.224 | H15: =D15/G15 -> 0.13842746 | I15: =H15/E15 -> 0.55370986 | J15: =4*H15/(2*(E15+I15)) -> 0.34447124 | K15: ='Parâmetros Gerais'!$C$11*'Parâmetros Gerais'!$C$12 -> 1.825264e-05 | L15: =G15*J15/K15 -> 136334.26 | M15: =0.11*('Parâmetros Gerais'!$C$13/J15+68/L15)^0.25 -> 0.019231159 | N15: =(M15/J15)*(G15^2)/(2*'Parâmetros Gerais'!$C$11) -> 1.2099056 | O15: 8 | P15: 3 | Q15: =O15+P15 -> 11 | R15: =N15*Q15 -> 13.308961 | S15: =N15 -> 1.2099056 | T15: =S15-$N$6 -> -0.095862637 | U15: =IF(ABS(T15)<0.001,"✔ OK",IF(T15>0,"↑ V muito alto","↓ V muito baixo")) -> ↓ V muito baixo
B16: 7 | D16: 1 | E16: 0.25 | F16: 6 | G16: =F16*'Parâmetros Gerais'!$C$11 -> 7.224 | H16: =D16/G16 -> 0.13842746 | I16: =H16/E16 -> 0.55370986 | J16: =4*H16/(2*(E16+I16)) -> 0.34447124 | K16: ='Parâmetros Gerais'!$C$11*'Parâmetros Gerais'!$C$12 -> 1.825264e-05 | L16: =G16*J16/K16 -> 136334.26 | M16: =0.11*('Parâmetros Gerais'!$C$13/J16+68/L16)^0.25 -> 0.019231159 | N16: =(M16/J16)*(G16^2)/(2*'Parâmetros Gerais'!$C$11) -> 1.2099056 | O16: 8 | P16: 3 | Q16: =O16+P16 -> 11 | R16: =N16*Q16 -> 13.308961 | S16: =N16 -> 1.2099056 | T16: =S16-$N$6 -> -0.095862637 | U16: =IF(ABS(T16)<0.001,"✔ OK",IF(T16>0,"↑ V muito alto","↓ V muito baixo")) -> ↓ V muito baixo
B17: 8 | D17: 1 | E17: 0.25 | F17: 6 | G17: =F17*'Parâmetros Gerais'!$C$11 -> 7.224 | H17: =D17/G17 -> 0.13842746 | I17: =H17/E17 -> 0.55370986 | J17: =4*H17/(2*(E17+I17)) -> 0.34447124 | K17: ='Parâmetros Gerais'!$C$11*'Parâmetros Gerais'!$C$12 -> 1.825264e-05 | L17: =G17*J17/K17 -> 136334.26 | M17: =0.11*('Parâmetros Gerais'!$C$13/J17+68/L17)^0.25 -> 0.019231159 | N17: =(M17/J17)*(G17^2)/(2*'Parâmetros Gerais'!$C$11) -> 1.2099056 | O17: 8 | P17: 3 | Q17: =O17+P17 -> 11 | R17: =N17*Q17 -> 13.308961 | S17: =N17 -> 1.2099056 | T17: =S17-$N$6 -> -0.095862637 | U17: =IF(ABS(T17)<0.001,"✔ OK",IF(T17>0,"↑ V muito alto","↓ V muito baixo")) -> ↓ V muito baixo
B18: 9 | D18: 1 | E18: 0.25 | F18: 6 | G18: =F18*'Parâmetros Gerais'!$C$11 -> 7.224 | H18: =D18/G18 -> 0.13842746 | I18: =H18/E18 -> 0.55370986 | J18: =4*H18/(2*(E18+I18)) -> 0.34447124 | K18: ='Parâmetros Gerais'!$C$11*'Parâmetros Gerais'!$C$12 -> 1.825264e-05 | L18: =G18*J18/K18 -> 136334.26 | M18: =0.11*('Parâmetros Gerais'!$C$13/J18+68/L18)^0.25 -> 0.019231159 | N18: =(M18/J18)*(G18^2)/(2*'Parâmetros Gerais'!$C$11) -> 1.2099056 | O18: 8 | P18: 3 | Q18: =O18+P18 -> 11 | R18: =N18*Q18 -> 13.308961 | S18: =N18 -> 1.2099056 | T18: =S18-$N$6 -> -0.095862637 | U18: =IF(ABS(T18)<0.001,"✔ OK",IF(T18>0,"↑ V muito alto","↓ V muito baixo")) -> ↓ V muito baixo
B19: 10 | D19: 1 | E19: 0.25 | F19: 6 | G19: =F19*'Parâmetros Gerais'!$C$11 -> 7.224 | H19: =D19/G19 -> 0.13842746 | I19: =H19/E19 -> 0.55370986 | J19: =4*H19/(2*(E19+I19)) -> 0.34447124 | K19: ='Parâmetros Gerais'!$C$11*'Parâmetros Gerais'!$C$12 -> 1.825264e-05 | L19: =G19*J19/K19 -> 136334.26 | M19: =0.11*('Parâmetros Gerais'!$C$13/J19+68/L19)^0.25 -> 0.019231159 | N19: =(M19/J19)*(G19^2)/(2*'Parâmetros Gerais'!$C$11) -> 1.2099056 | O19: 8 | P19: 3 | Q19: =O19+P19 -> 11 | R19: =N19*Q19 -> 13.308961 | S19: =N19 -> 1.2099056 | T19: =S19-$N$6 -> -0.095862637 | U19: =IF(ABS(T19)<0.001,"✔ OK",IF(T19>0,"↑ V muito alto","↓ V muito baixo")) -> ↓ V muito baixo
B21: INSTRUÇÃO: Para cada trecho (linhas 10–19), ajuste a Velocidade V (coluna F, azul) até a coluna 'Status' mostrar ✔ OK | Tolerância: |ΔP_calc − ΔP_ref| < 0.001 Pa/m
B22: Adicione mais linhas copiando a linha 19 para baixo conforme necessário.

Sheet Balanceamento
B2: VERIFICAÇÃO DE BALANCEAMENTO — CAMINHOS DA REDE
B3: Insira os circuitos (caminhos do ventilador até cada difusor). A diferença entre ΔP do caminho mais longo e os demais indica o desbalanceamento.
B5: Caminho | C5: Trechos (ex: 1+3+5) | D5: ΔP Caminho (Pa) [soma dos trechos] | E5: ΔP Referência (Pa) [caminho mais longo] | F5: Diferença (Pa) | G5: Status
B6: A (Crítico) | C6: Vent→1→3→5 (mais longo) | D6: 0 | E6: =MAX($D$6:$D$11) -> 0 | F6: =D6-E6 -> 0 | G6: =IF(ABS(F6)<0.5,"✔ Balanceado",IF(F6<0,"⚠ Redimensionar ramal","⚠ Ramal curto demais")) -> ✔ Balanceado
B7: B | C7: Vent→1→3→2 | D7: 0 | E7: =MAX($D$6:$D$11) -> 0 | F7: =D7-E7 -> 0 | G7: =IF(ABS(F7)<0.5,"✔ Balanceado",IF(F7<0,"⚠ Redimensionar ramal","⚠ Ramal curto demais")) -> ✔ Balanceado
B8: C | C8: Vent→6→4 | D8: 0 | E8: =MAX($D$6:$D$11) -> 0 | F8: =D8-E8 -> 0 | G8: =IF(ABS(F8)<0.5,"✔ Balanceado",IF(F8<0,"⚠ Redimensionar ramal","⚠ Ramal curto demais")) -> ✔ Balanceado
B9: D | C9: Vent→6→8→7 | D9: 0 | E9: =MAX($D$6:$D$11) -> 0 | F9: =D9-E9 -> 0 | G9: =IF(ABS(F9)<0.5,"✔ Balanceado",IF(F9<0,"⚠ Redimensionar ramal","⚠ Ramal curto demais")) -> ✔ Balanceado
B10: E | C10: Vent→6→8→9 | D10: 0 | E10: =MAX($D$6:$D$11) -> 0 | F10: =D10-E10 -> 0 | G10: =IF(ABS(F10)<0.5,"✔ Balanceado",IF(F10<0,"⚠ Redimensionar ramal","⚠ Ramal curto demais")) -> ✔ Balanceado
B11: F | C11: Vent→6→10 | D11: 0 | E11: =MAX($D$6:$D$11) -> 0 | F11: =D11-E11 -> 0 | G11: =IF(ABS(F11)<0.5,"✔ Balanceado",IF(F11<0,"⚠ Redimensionar ramal","⚠ Ramal curto demais")) -> ✔ Balanceado
B13: INSTRUÇÃO: Preencha a coluna D com a soma dos ΔP totais (col R da aba Dimensionamento) para cada trecho do caminho.

Sheet Tabela Velocidades
B2: VELOCIDADES MÁXIMAS RECOMENDADAS (m/s) — Fonte: Carrier
B3: Tabela 3.5.1 do Cap. 3 — PME 2515/3515 — Velocidades em função da aplicação e posição na rede
B5: Aplicação | C5: Troncos | E5: Ramais | G5: Ruído (Tronco)
C6: Insuflação | D6: Retorno | E6: Insuflação | F6: Retorno
B7: Residências | C7: 5 | D7: 4 | E7: 3 | F7: 3 | G7: 3
B8: Apartamentos / Hotéis / Hospitais | C8: 7.5 | D8: 6.5 | E8: 6 | F8: 5 | G8: 5
B9: Escritórios Particulares / Bibliotecas | C9: 10 | D9: 7.5 | E9: 8 | F9: 6 | G9: 6
B10: Teatros / Auditórios | C10: 6.5 | D10: 5.5 | E10: 5 | F10: 4 | G10: 4
B11: Escritórios / Restaurantes / Bancos | C11: 10 | D11: 7.5 | E11: 8 | F11: 6 | G11: 7.5
B12: Lojas / Cafeterias | C12: 10 | D12: 7.5 | E12: 8 | F12: 6 | G12: 9
B13: Indústrias | C13: 15 | D13: 9 | E13: 11 | F13: 7.5 | G13: 12.5
B15: Use estes valores como referência ao verificar a coluna F (Velocidade) na aba Dimensionamento.
